run_id,run_status,model,quantization_level,task_type,row_id,prompt,goal,output,f1,rougeL,reason
run_0492,"COMPLETED
",Falcon-3B,INT4,SUMM_LONG,9685,"Context: ""WASHINGTON (CNN) -- China has refused nine U.S. Navy ships and one Air Force jet entry to Hong Kong in the past month, U.S. military officials said Friday. 

China has refused the USS Reuben James, seen in a 1989 photo, a Christmas port call in Hong Kong. 

Senior Navy officials said that Beijing denied permission for the USS Reuben James, a Navy frigate, to make a holiday port call for sailors at the end of December. 

The rejection occurred last week, at the same time China refused to allow the USS Kitty Hawk aircraft carrier battle group into Hong Kong for a Thanksgiving holiday port call. 

A U.S. Air Force C-17 flight that had been scheduled for a routine resupply of the U.S. Consulate in Hong Kong also was denied permission to enter, Navy officials said. 

The Kitty Hawk battle group was eventually granted permission to enter, but by then the ships were well on their way to port in Japan. 

Days earlier, China refused to give two U.S. Navy minesweepers safe harbor in Hong Kong during a storm on the high seas. 

The United States has filed a formal protest with China over the decisions. 

U.S. officials are baffled about the reason or reasons for the port call refusals. China recently has expressed concerns about U.S. arms sales to Taiwan and President Bush's October presentation of a Congressional Gold Medal to the Dalai Lama, the exiled Tibetan spiritual leader.  Watch China put the blame on the U.S. » 

There is speculation that the Chinese may have been conducting military exercises that they didn't want the U.S. Navy to see. Others think the refusals may have been the result of a misunderstanding. 

Officials could not explain why the rejection of the Reuben James had not been disclosed before, even though reporters had repeatedly asked if there were any other pending port calls. One senior Navy official expressed dismay that the information had not been made public by the Pentagon. 

White House deputy spokesman Scott Stanzel told reporters the White House is \""aware\"" of the latest refusals and referred reporters to the Pentagon. Stanzel said a \""clarification\"" on the matter was being sought from Beijing. 

White House and other Bush administration officials have sought to defuse tensions with China, saying the United States wants to move ahead on broader issues of military cooperation. 

Navy officials, meanwhile, say Japan is tightening approvals for Chinese navy visits into its ports. Crew members from a Chinese ship making a port call in Japan may not be allowed to tour a Japanese Aegis warship. 

The U.S.-designed Aegis weapons system enables coordinated operations against threats from aircraft and missiles, surface ships and submarines. 

It is not clear if the Japanese decision was made at the request of the United States. E-mail to a friend""
Task: ""Write a concise summary of the context of about 45 words. Output only the summary.""",new china wouldn t let u s air force jet land to resupply hong kong consulate frigate uss reuben james not allowed to enter hong kong for port call china last week refused port call for uss kitty hawk battle group two u s minesweepers denied safe harbor during storm,china has denied entry to nine u s navy ships and air force jet in hong kong due to unspecified reasons refusal includes uss reuben james christmas port call and uss kitty hawk u s is filing protest,NA,0.40909090909090906,rougeL_outlier_global
run_0266,"COMPLETED
",LLaMA-2-3B,FP16,SUMM_SHORT,1768,"Context: ""(CNN) -- Conservationists have found a new population of orangutans in a steep, mountainous corner of Indonesia -- a discovery that significantly adds to the number of the endangered red-haired primates.

The orangutans were discovered in a mountainous corner of Indonesia.

About 65,000 orangutans are thought to remain in the wild, limited to rain forests on two islands in Malaysia and Indonesia: Borneo and Sumatra.

The latest population was found in the eastern edge of Borneo, with conservationists counting 219 nests. Even by conservative estimates, that raises the total number of the orangutan population by at least a couple of hundred, maybe thousands.

\""We rarely have something positive to report in the conservation world. Most of the stories are about declining population or animals dying. It's all pretty negative,\"" said Erik Meijaard, a senior ecologist with the U.S.-based Nature Conservancy.

\""So to find a substantial population of potentially several hundred to several thousand animals is very exciting.\""

Locals in the area had long spoken of an orangutan population in the hard-to-access limestone mountains of the Kalimantan province. A group of conservationists reached the area in December after driving for a day, taking a boat for another, and then hiking across steep mountainous terrain for two, Meijaard said.

The remoteness of the area has meant that the animals have been undisturbed by development. Elsewhere, the orangutan's forest habitat has been cut down for timber extraction and palm oil, used in food and cosmetics.

Orangutans, a species of great apes, with hair that is usually reddish-brown instead of the black or brown. The name is derived from the Malay and Indonesian words for \""orang\"" (person) and \""hutan\"" (forest). They spend most of their time on trees, subsisting on fruit and leading a solitary existence except to mate.

The expedition in December found the nests crammed into just a few miles in the 2 million-acre forest.

\""The immediate steps include going back to the area to see how far the population ranges and to put better protection in place,\"" Meijaard said.""
Task: ""Write a concise summary of the context of about 32 words. Output only the summary.""",conservationists have found new population of orangutans in indonesia discovery significantly adds to number of endangered red haired primates latest population was found in eastern edge of borneo,conservationists discover new population of orangutans in indonesia s mountainous kalimantan province significantly increasing number of endangered species by at least couple of hundred animals,NA,0.4528301886792452,rougeL_outlier_global
run_0488,"COMPLETED
",LLaMA-2-3B,FP16,SUMM_SHORT,6732,"Context: ""KATHMANDU, Nepal (CNN) -- Nepal's new government has converted its deposed king's opulent palace into a museum and unfurled the national flag on Sunday as a symbolic move to signify the end of monarchy. The Narayanthi Royal Palace has been converted into a museum. \""The national flag is fluttering in the hands of the people in the royal palace now,\"" said Prime Minister Girija Prasad Koirala at a ceremony at the former palace Sunday. Ex-King Gyanendra, 60, left Narayanhiti Royal Palace on Wednesday. He will live as a civilian in a summer palace on a forested hilltop outside the capital. Gyanendra's departure came following the declaration of the former Himalayan kingdom as a republic last month. The monarchy's end after 239 years of rule was the culmination of a two-year peace process in which Maoist insurgents in Nepal gave up their armed struggle, joined mainstream politics and won the most seats in April's election for the Constituent Assembly. The assembly is tasked with rewriting the constitution, deciding the country's future political system and governing the nation. Gyanendra came to power in 2001 when his brother, King Birendra, and his family were massacred in the palace by the crown prince, who later shot himself. Gyanendra last week denied rumors that he had played a role in that event.""
Task: ""Write a concise summary of the context of about 32 words. Output only the summary.""",nepal s new government converts deposed king s palace into museum national flag unfurled over building in symbolic end to monarchy himalayan kingdom was declared republic last month,nepal s new government has converted deposed king s palace into museum unfurled national flag and marked end of monarchy following two year peace process and republic declaration,NA,0.5357142857142857,rougeL_outlier_global
run_0766,"COMPLETED
",LLaMA-2-3B,FP16,SUMM_LONG,1324,"Context: ""(CNN) -- An Illinois sheriff filed a federal lawsuit Thursday against the owners of craigslist, accusing the popular national classified-ad Web site of knowingly promoting prostitution. \""Craigslist is the single largest source of prostitution in the nation,\"" says Cook County Sheriff Thomas Dart. Cook County Sheriff Thomas Dart wants craigslist to eliminate its Erotic Services section. \""Craigslist is the single largest source of prostitution in the nation,\"" Dart said. \""Missing children, runaways, abused women and women trafficked in from foreign countries are routinely forced to have sex with strangers because they're being pimped on craigslist.\"" The FBI found more than 2,800 child prostitution ads posted on craigslist, with Chicago, Illinois, in the top 10 cities for juvenile prostitution, Dart said. The sheriff also noted instances of what he said was child neglect while parents were engaged in activity solicited on the Web site. In an e-mailed statement, craigslist told CNN it had not seen Dart's complaint but that \""craigslist is an extremely unwise choice for those intent on committing crimes, since criminals inevitably leave an electronic trail to themselves that law enforcement officers will follow.\"" \""On a daily basis, we are being of direct assistance to police departments and federal authorities nationwide,\"" spokeswoman Susan McTavish said. \""Misuse of craigslist to facilitate criminal activity is unacceptable, and we continue to work diligently to prevent it,\"" she said. \""Misuse of the site is exceptionally rare compared to how much the site is used for legal purposes. Regardless, any misuse of the site is not tolerated on craigslist.\"" But Dart said that the Web site for two years has ignored his written requests to shut down the Erotic Services section and failed to take action or adequately monitor the section despite hundreds of arrests. \""Pimps are preying on the most vulnerable members of our society and taking advantage of our struggling economy,\"" he said. \""The worst part is craigslist's owners know their Web site is still being used for illegal purposes and they're doing nothing to stop it.\"" Craigslist entered into an agreement with 43 states' attorneys general in November to enact measures that impose restrictions on its Erotic Services section. The agreement called for the Web site to implement a phone verification system for listings that required ad posters to provide a real telephone number that would be called before the ad went public. Craigslist also imposed listing fees, requiring a credit card, for ads in the section. The proceeds were to be donated to charity. Dart called the fees \""dirty money\"" and said the move was a \""publicity stunt\"" that had little practical effect because pimps use stolen credit cards or post ads in free sections.""
Task: ""Write a concise summary of the context of about 45 words. Output only the summary.""",cook county sheriff thomas dart wants craigslist to cut erotic services section dart said that web site for 2 years ignored his requests to cut section craigslist is single largest source of prostitution in nation says dart we help police fight illegal activity on daily basis says craigslist spokeswoman,cook county sheriff thomas dart filed federal lawsuit against craigslist accusing site of knowingly promoting prostitution craigslist s erotic services section is largest source of prostitution in nation according to dart,NA,0.425,rougeL_outlier_global
run_0811,"COMPLETED
",LLaMA-2-7B,INT4,SUMM_SHORT,6732,"Context: ""KATHMANDU, Nepal (CNN) -- Nepal's new government has converted its deposed king's opulent palace into a museum and unfurled the national flag on Sunday as a symbolic move to signify the end of monarchy. The Narayanthi Royal Palace has been converted into a museum. \""The national flag is fluttering in the hands of the people in the royal palace now,\"" said Prime Minister Girija Prasad Koirala at a ceremony at the former palace Sunday. Ex-King Gyanendra, 60, left Narayanhiti Royal Palace on Wednesday. He will live as a civilian in a summer palace on a forested hilltop outside the capital. Gyanendra's departure came following the declaration of the former Himalayan kingdom as a republic last month. The monarchy's end after 239 years of rule was the culmination of a two-year peace process in which Maoist insurgents in Nepal gave up their armed struggle, joined mainstream politics and won the most seats in April's election for the Constituent Assembly. The assembly is tasked with rewriting the constitution, deciding the country's future political system and governing the nation. Gyanendra came to power in 2001 when his brother, King Birendra, and his family were massacred in the palace by the crown prince, who later shot himself. Gyanendra last week denied rumors that he had played a role in that event.""
Task: ""Write a concise summary of the context of about 32 words. Output only the summary.""",nepal s new government converts deposed king s palace into museum national flag unfurled over building in symbolic end to monarchy himalayan kingdom was declared republic last month,nepal s new government has converted former royal palace into museum unfurling national flag as symbol of end of monarchy following country s declaration as republic,NA,0.4444444444444445,rougeL_outlier_global
run_0128,"COMPLETED
",LLaMA-2-3B,INT8,SUMM_SHORT,6813,"Context: ""LA PAZ, Bolivia (CNN)  -- Bolivian President Evo Morales nationalized the Chaco petroleum company Friday, taking over the BP subsidiary with the military on standby. Bolivian leader Evo Morales speaks before parliament Thursday in the capital, La Paz. \""With this decree,\"" Morales said in a nationally televised address from an oil field in Cochabamba, \""we nationalize all the petroleum business in Chaco for all Bolivians.\"" Chaco is jointly owned by Pan American Energy and the Bolivian Pension Fund, each with a 50 percent stake, BP spokesman David Nicholas said from Great Britain. BP owns 60 percent of Pan American Energy, and Bridas Corp. owns the other 40 percent, Nicholas said Nicholas declined comment on the nationalization. \""We are aware of the presidential decree but cannot comment,\"" he said. \""We support Pan America's energies with any discussions they have with the Bolivian government.\"" Morales wore a white safety helmet with the words \""Chaco nationalized\"" printed on the front when he made his announcement. The Bolivian president guaranteed the petroleum workers that their jobs will be safe. Formed in 1997, Chaco employs about 90 Bolivians, the company says on its Web site. Chaco is dedicated to the exploration and production of hydrocarbons, BP says. Morales decreed in 2007 and 2008 that the government should nationalize various petroleum companies. His actions Friday came less than 48 hours before Bolivians vote Sunday on a new constitution that would give the central government more power and control.""
Task: ""Write a concise summary of the context of about 32 words. Output only the summary.""",bolivian president evo morales nationalizes chaco petroleum company morales guarantees petroleum workers that their jobs will be safe military on standby in nationalization of bp subsidiary move comes 48 hours before bolivian vote on new constitution,bolivian president evo morales nationalized chaco petroleum company taking over bp subsidiary with military on standby amid backdrop of voting on new constitution giving central government more power,NA,0.43750000000000006,rougeL_outlier_global
run_0454,"COMPLETED
",LLaMA-2-3B,INT8,SUMM_SHORT,1768,"Context: ""(CNN) -- Conservationists have found a new population of orangutans in a steep, mountainous corner of Indonesia -- a discovery that significantly adds to the number of the endangered red-haired primates.

The orangutans were discovered in a mountainous corner of Indonesia.

About 65,000 orangutans are thought to remain in the wild, limited to rain forests on two islands in Malaysia and Indonesia: Borneo and Sumatra.

The latest population was found in the eastern edge of Borneo, with conservationists counting 219 nests. Even by conservative estimates, that raises the total number of the orangutan population by at least a couple of hundred, maybe thousands.

\""We rarely have something positive to report in the conservation world. Most of the stories are about declining population or animals dying. It's all pretty negative,\"" said Erik Meijaard, a senior ecologist with the U.S.-based Nature Conservancy.

\""So to find a substantial population of potentially several hundred to several thousand animals is very exciting.\""

Locals in the area had long spoken of an orangutan population in the hard-to-access limestone mountains of the Kalimantan province. A group of conservationists reached the area in December after driving for a day, taking a boat for another, and then hiking across steep mountainous terrain for two, Meijaard said.

The remoteness of the area has meant that the animals have been undisturbed by development. Elsewhere, the orangutan's forest habitat has been cut down for timber extraction and palm oil, used in food and cosmetics.

Orangutans, a species of great apes, with hair that is usually reddish-brown instead of the black or brown. The name is derived from the Malay and Indonesian words for \""orang\"" (person) and \""hutan\"" (forest). They spend most of their time on trees, subsisting on fruit and leading a solitary existence except to mate.

The expedition in December found the nests crammed into just a few miles in the 2 million-acre forest.

\""The immediate steps include going back to the area to see how far the population ranges and to put better protection in place,\"" Meijaard said.""
Task: ""Write a concise summary of the context of about 32 words. Output only the summary.""",conservationists have found new population of orangutans in indonesia discovery significantly adds to number of endangered red haired primates latest population was found in eastern edge of borneo,conservationists have discovered new population of orangutans in indonesia s kalimantan province significantly increasing number of endangered species and bringing rare positive conservation news story,NA,0.4528301886792452,rougeL_outlier_global
run_0374,"COMPLETED
",Qwen2.5-3B,INT8,SUMM_LONG,3609,"Context: ""(CNN) -- Taping of \""The Real Housewives of Atlanta\"" reunion special, scheduled for last week, has been postponed as the cast deals with the death of Kandi Burruss' former fiancé, Ashley \""A.J.\"" Jewell, an NBC Universal spokeswoman told CNN Monday. The Atlanta \""Housewives\"" have been touched by tragedy this season with a loved one's death. The show is now winding down its second season on the network, and the two-part episode was expected to air on October 29 and November 5. Cast member and purported \""sixth housewife\"" Dwight Eubanks told the Atlanta Journal-Constitution that he was \""shocked\"" when he heard of Jewell's passing but does expect the taping to resume eventually. \""I don't see them editing [Jewell] out,\"" he told the newspaper. \""It's television. It's reality. We just have to prepare and gear up for next year.\"" So far, Bravo hasn't erased Jewell's presence from the series. Although scenes with Jewell weren't a part of last Thursday's episode, \""Housewives\"" viewers did watch as Kandi debated the future of her engagement to Jewell with castmate Kim. Blog: What happened on \""Housewives\"" But commercials for this Thursday's episode showed clips from therapy sessions with Burruss, her mother and Jewell. Eubanks told the Journal-Constitution that he doesn't know if Burruss will continue with the \""Housewives\"" or not. \""She's had such a dramatic year,\"" Eubanks said. \""She had her uncle die, too. She has her own career to focus on. Now her life has changed with her daughter and taking temporary custody of [A.J.'s] twins.\"" Jewell, who died at 34 after a fight outside of an Atlanta strip club on October 3, was buried on October 9.""
Task: ""Write a concise summary of the context of about 45 words. Output only the summary.""",real housewives of atlanta was scheduled to tape reunion special last week taping has been postponed in aftermath of death of j jewell jewell was former fiance of housewives cast member kandi burruss jewell s presence still part of show which was taped weeks ago,real housewives of atlanta reunion special was postponed due to death of cast member kandi burruss s fiance ashley jewell before second season finale aired,NA,0.4,rougeL_outlier_global
